{"learner":{"attributes":{},"feature_names":[],"feature_types":[],"gradient_booster":{"model":{"gbtree_model_param":{"num_parallel_tree":"1","num_trees":"10"},"iteration_indptr":[0,1,2,3,4,5,6,7,8,9,10],"tree_info":[0,0,0,0,0,0,0,0,0,0],"trees":[{"base_weights":[-1.1936516E-2,-2.3676544E-1,2.7435797E-1,-2.778752E-1,-1.064814E-2],"categories":[],"categories_nodes":[],"categories_segments":[],"categories_sizes":[],"default_left":[1,0,0,0,0],"id":0,"left_children":[1,3,-1,-1,-1],"loss_changes":[2.8049479E0,1.4650873E0,0E0,0E0,0E0],"parents":[2147483647,0,0,1,1],"right_children":[2,4,-1,-1,-1],"split_conditions":[1.533E-3,-2.4778316E-2,2.7435797E-1,-2.778752E-1,-1.064814E-2],"split_indices":[2,4,0,0,0],"split_type":[0,0,0,0,0],"sum_hessian":[1.142666E1,9.79428E0,1.63238E0,1.3991828E0,8.395097E0],"tree_param":{"num_deleted":"0","num_feature":"14","num_nodes":"5","size_leaf_vector":"1"}},{"base_weights":[-1.1919173E-2,-6.2054E-1,2.4056548E-1,-2.7483094E-1,-1.1202918E-2,3.393031E-1,-1.665087E-2],"categories":[],"categories_nodes":[],"categories_segments":[],"categories_sizes":[],"default_left":[0,0,0,0,0,0,0],"id":1,"left_children":[1,3,5,-1,-1,-1,-1],"loss_changes":[2.0505495E0,6.392703E-1,2.5581827E0,0E0,0E0,0E0,0E0],"parents":[2147483647,0,0,1,1,2,2],"right_children":[2,4,6,-1,-1,-1,-1],"split_conditions":[-1.5996775E-2,2E0,-9.305211E-3,-2.7483094E-1,-1.1202918E-2,3.393031E-1,-1.665087E-2],"split_indices":[4,13,4,0,0,0,0],"split_type":[0,0,0,0,0,0,0],"sum_hessian":[1.1372622E1,2.9071434E0,8.465478E0,1.5505153E0,1.356628E0,1.408681E0,7.0567975E0],"tree_param":{"num_deleted":"0","num_feature":"14","num_nodes":"7","size_leaf_vector":"1"}},{"base_weights":[-8.4162345E-3,-1.8875118E-1,2.0787255E-1,1.696926E-1,-1.0186705E-1],"categories":[],"categories_nodes":[],"categories_segments":[],"categories_sizes":[],"default_left":[1,0,0,0,0],"id":2,"left_children":[1,3,-1,-1,-1],"loss_changes":[1.6814947E0,1.391073E0,0E0,0E0,0E0],"parents":[2147483647,0,0,1,1],"right_children":[2,4,-1,-1,-1],"split_conditions":[1.533E-3,1.035E-3,2.0787255E-1,1.696926E-1,-1.0186705E-1],"split_indices":[2,3,0,0,0],"split_type":[0,0,0,0,0],"sum_hessian":[1.1261139E1,9.539156E0,1.7219836E0,1.1309363E0,8.408219E0],"tree_param":{"num_deleted":"0","num_feature":"14","num_nodes":"5","size_leaf_vector":"1"}},{"base_weights":[1.5222582E-2,-2.2659603E-1,1.5740648E-1,-9.82379E-3,2.6793832E-1],"categories":[],"categories_nodes":[],"categories_segments":[],"categories_sizes":[],"default_left":[0,0,1,0,0],"id":3,"left_children":[1,-1,3,-1,-1],"loss_changes":[1.4414841E0,0E0,1.5707904E0,0E0,0E0],"parents":[2147483647,0,0,2,2],"right_children":[2,-1,4,-1,-1],"split_conditions":[2.497E-3,-2.2659603E-1,2.886076E-1,-9.82379E-3,2.6793832E-1],"split_indices":[11,0,10,0,0],"split_type":[0,0,0,0,0],"sum_hessian":[1.1071985E1,1.0530227E0,1.0018963E1,8.720562E0,1.2984008E0],"tree_param":{"num_deleted":"0","num_feature":"14","num_nodes":"5","size_leaf_vector":"1"}},{"base_weights":[1.1204129E-2,-2.1438129E-1,1.5155113E-1,1.2230785E-1,-4.273301E-2],"categories":[],"categories_nodes":[],"categories_segments":[],"categories_sizes":[],"default_left":[0,0,0,0,0],"id":4,"left_children":[1,-1,3,-1,-1],"loss_changes":[1.3367368E0,0E0,8.8118213E-1,0E0,0E0],"parents":[2147483647,0,0,2,2],"right_children":[2,-1,4,-1,-1],"split_conditions":[-2.4778316E-2,-2.1438129E-1,-2.8150233E-3,1.2230785E-1,-4.273301E-2],"split_indices":[4,0,4,0,0],"split_type":[0,0,0,0,0],"sum_hessian":[1.1059463E1,1.1290181E0,9.930445E0,5.1001873E0,4.830257E0],"tree_param":{"num_deleted":"0","num_feature":"14","num_nodes":"5","size_leaf_vector":"1"}},{"base_weights":[-5.149005E-3,-4.93784E-1,1.8193549E-1,-2.3040831E-1,-2.619263E-3,2.504889E-1,-1.356647E-2],"categories":[],"categories_nodes":[],"categories_segments":[],"categories_sizes":[],"default_left":[0,0,0,0,0,0,0],"id":5,"left_children":[1,3,5,-1,-1,-1,-1],"loss_changes":[1.1873809E0,4.7128803E-1,1.434038E0,0E0,0E0,0E0,0E0],"parents":[2147483647,0,0,1,1,2,2],"right_children":[2,4,6,-1,-1,-1,-1],"split_conditions":[-1.5996775E-2,2E0,-9.305211E-3,-2.3040831E-1,-2.619263E-3,2.504889E-1,-1.356647E-2],"split_indices":[4,13,4,0,0,0,0],"split_type":[0,0,0,0,0,0,0],"sum_hessian":[1.1006035E1,2.5933232E0,8.412712E0,1.2839841E0,1.309339E0,1.4805996E0,6.932112E0],"tree_param":{"num_deleted":"0","num_feature":"14","num_nodes":"7","size_leaf_vector":"1"}},{"base_weights":[-4.6787225E-3,-1.4958087E-1,1.6056585E-1,1.4030153E-1,-8.33741E-2],"categories":[],"categories_nodes":[],"categories_segments":[],"categories_sizes":[],"default_left":[1,0,0,0,0],"id":6,"left_children":[1,3,-1,-1,-1],"loss_changes":[1.005182E0,9.304021E-1,0E0,0E0,0E0],"parents":[2147483647,0,0,1,1],"right_children":[2,4,-1,-1,-1],"split_conditions":[1.533E-3,1.035E-3,1.6056585E-1,1.4030153E-1,-8.33741E-2],"split_indices":[2,3,0,0,0],"split_type":[0,0,0,0,0],"sum_hessian":[1.0825322E1,9.104682E0,1.72064E0,1.1119994E0,7.9926825E0],"tree_param":{"num_deleted":"0","num_feature":"14","num_nodes":"5","size_leaf_vector":"1"}},{"base_weights":[1.45771885E-2,-1.2255138E-1,1.6236418E-1,1.7111799E-2,-2.4820209E-1],"categories":[],"categories_nodes":[],"categories_segments":[],"categories_sizes":[],"default_left":[0,0,0,0,0],"id":7,"left_children":[1,3,-1,-1,-1],"loss_changes":[9.0562373E-1,1.317517E0,0E0,0E0,0E0],"parents":[2147483647,0,0,1,1],"right_children":[2,4,-1,-1,-1],"split_conditions":[1.5029325E-2,1.3041013E-2,1.6236418E-1,1.7111799E-2,-2.4820209E-1],"split_indices":[4,4,0,0,0],"split_type":[0,0,0,0,0],"sum_hessian":[1.0621888E1,9.036269E0,1.5856192E0,7.93371E0,1.1025589E0],"tree_param":{"num_deleted":"0","num_feature":"14","num_nodes":"5","size_leaf_vector":"1"}},{"base_weights":[2.9340172E-3,-4.01316E-1,1.5167283E-1,-2.029198E-1,9.08277E-3,2.0728749E-1,-1.1289889E-2],"categories":[],"categories_nodes":[],"categories_segments":[],"categories_sizes":[],"default_left":[0,0,0,0,0,0,0],"id":8,"left_children":[1,3,5,-1,-1,-1,-1],"loss_changes":[7.5945127E-1,4.240548E-1,9.6717274E-1,0E0,0E0,0E0,0E0],"parents":[2147483647,0,0,1,1,2,2],"right_children":[2,4,6,-1,-1,-1,-1],"split_conditions":[-1.5996775E-2,2E0,-9.305211E-3,-2.029198E-1,9.08277E-3,2.0728749E-1,-1.1289889E-2],"split_indices":[4,13,4,0,0,0,0],"split_type":[0,0,0,0,0,0,0],"sum_hessian":[1.0618322E1,2.3992882E0,8.219034E0,1.1189098E0,1.2803783E0,1.446982E0,6.772053E0],"tree_param":{"num_deleted":"0","num_feature":"14","num_nodes":"7","size_leaf_vector":"1"}},{"base_weights":[1.4610518E-3,-1.23516575E-1,1.3063635E-1,-8.837353E-2,1.2930162E-1],"categories":[],"categories_nodes":[],"categories_segments":[],"categories_sizes":[],"default_left":[1,1,0,0,0],"id":9,"left_children":[1,3,-1,-1,-1],"loss_changes":[6.7396647E-1,1.0429709E0,0E0,0E0,0E0],"parents":[2147483647,0,0,1,1],"right_children":[2,4,-1,-1,-1],"split_conditions":[2.497E-3,1.533E-3,1.3063635E-1,-8.837353E-2,1.2930162E-1],"split_indices":[11,2,0,0,0],"split_type":[0,0,0,0,0],"sum_hessian":[1.043412E1,8.65665E0,1.7774706E0,6.9740334E0,1.6826158E0],"tree_param":{"num_deleted":"0","num_feature":"14","num_nodes":"5","size_leaf_vector":"1"}}]},"name":"gbtree"},"learner_model_param":{"base_score":"3.703741E-1","boost_from_average":"1","num_class":"0","num_feature":"14","num_target":"1"},"objective":{"name":"binary:logistic","reg_loss_param":{"scale_pos_weight":"1"}}},"version":[2,0,3]}