{"learner":{"attributes":{},"feature_names":[],"feature_types":[],"gradient_booster":{"model":{"gbtree_model_param":{"num_parallel_tree":"1","num_trees":"10"},"iteration_indptr":[0,1,2,3,4,5,6,7,8,9,10],"tree_info":[0,0,0,0,0,0,0,0,0,0],"trees":[{"base_weights":[-3.4721162E-2,1.4308585E-1,-3.2824713E-1,-1.6234569E-1,1.22906424E-1],"categories":[],"categories_nodes":[],"categories_segments":[],"categories_sizes":[],"default_left":[1,0,0,0,0],"id":0,"left_children":[1,3,-1,-1,-1],"loss_changes":[5.046117E0,4.437521E0,0E0,0E0,0E0],"parents":[2147483647,0,0,1,1],"right_children":[2,4,-1,-1,-1],"split_conditions":[3.342E-1,4.758E-1,-3.2824713E-1,-1.6234569E-1,1.22906424E-1],"split_indices":[9,1,0,0,0],"split_type":[0,0,0,0,0],"sum_hessian":[2.4956491E1,2.2110577E1,2.8459158E0,5.910748E0,1.6199827E1],"tree_param":{"num_deleted":"0","num_feature":"14","num_nodes":"5","size_leaf_vector":"1"}},{"base_weights":[-4.3541275E-2,3.3910257E-1,-1.794177E-1,2.2382955E-1,-9.990485E-2],"categories":[],"categories_nodes":[],"categories_segments":[],"categories_sizes":[],"default_left":[0,0,0,0,0],"id":1,"left_children":[1,-1,3,-1,-1],"loss_changes":[4.3322225E0,0E0,3.6697059E0,0E0,0E0],"parents":[2147483647,0,0,2,2],"right_children":[2,-1,4,-1,-1],"split_conditions":[1.594E-1,3.3910257E-1,9.006E-1,2.2382955E-1,-9.990485E-2],"split_indices":[9,0,6,0,0],"split_type":[0,0,0,0,0],"sum_hessian":[2.4889282E1,1.8227781E0,2.3066504E1,2.734167E0,2.0332336E1],"tree_param":{"num_deleted":"0","num_feature":"14","num_nodes":"5","size_leaf_vector":"1"}},{"base_weights":[-1.6031E-2,1.1626185E-1,-2.763016E-1,-1.8953066E-2,2.397887E-1],"categories":[],"categories_nodes":[],"categories_segments":[],"categories_sizes":[],"default_left":[1,1,0,0,0],"id":2,"left_children":[1,3,-1,-1,-1],"loss_changes":[3.1521409E0,2.8790636E0,0E0,0E0,0E0],"parents":[2147483647,0,0,1,1],"right_children":[2,4,-1,-1,-1],"split_conditions":[3.342E-1,3.8128185E-1,-2.763016E-1,-1.8953066E-2,2.397887E-1],"split_indices":[9,7,0,0,0],"split_type":[0,0,0,0,0],"sum_hessian":[2.4434528E1,2.207853E1,2.3559995E0,1.8203754E1,3.8747745E0],"tree_param":{"num_deleted":"0","num_feature":"14","num_nodes":"5","size_leaf_vector":"1"}},{"base_weights":[-1.655623E-2,-2.2790724E-1,1.0380671E-1,2.945964E-1,-5.024729E-3],"categories":[],"categories_nodes":[],"categories_segments":[],"categories_sizes":[],"default_left":[0,0,0,0,0],"id":3,"left_children":[1,-1,3,-1,-1],"loss_changes":[2.33132E0,0E0,2.4040227E0,0E0,0E0],"parents":[2147483647,0,0,2,2],"right_children":[2,-1,4,-1,-1],"split_conditions":[4.985E-1,-2.2790724E-1,1.594E-1,2.945964E-1,-5.024729E-3],"split_indices":[8,0,9,0,0],"split_type":[0,0,0,0,0],"sum_hessian":[2.4182373E1,2.6303885E0,2.1551985E1,1.7389809E0,1.9813004E1],"tree_param":{"num_deleted":"0","num_feature":"14","num_nodes":"5","size_leaf_vector":"1"}},{"base_weights":[-1.0472735E-2,-1.8603994E-1,4.976909E-1,-1.0557063E-2,-2.362752E-1,3.031621E-1,-6.411899E-2],"categories":[],"categories_nodes":[],"categories_segments":[],"categories_sizes":[],"default_left":[0,0,0,0,0,0,0],"id":4,"left_children":[1,3,5,-1,-1,-1,-1],"loss_changes":[2.311625E0,1.7157788E0,2.6454494E0,0E0,0E0,0E0,0E0],"parents":[2147483647,0,0,1,1,2,2],"right_children":[2,4,6,-1,-1,-1,-1],"split_conditions":[1.1376757E-2,6.519E-1,1.6488353E-2,-1.0557063E-2,-2.362752E-1,3.031621E-1,-6.411899E-2],"split_indices":[4,3,4,0,0,0,0],"split_type":[0,0,0,0,0,0,0],"sum_hessian":[2.3872368E1,1.821359E1,5.658778E0,1.540817E1,2.8054204E0,3.0439794E0,2.6147988E0],"tree_param":{"num_deleted":"0","num_feature":"14","num_nodes":"7","size_leaf_vector":"1"}},{"base_weights":[-1.0540511E-2,-9.782813E-2,2.617407E-1,1.6957572E-1,-6.557509E-2],"categories":[],"categories_nodes":[],"categories_segments":[],"categories_sizes":[],"default_left":[1,0,0,0,0],"id":5,"left_children":[1,3,-1,-1,-1],"loss_changes":[1.9868082E0,1.9931898E0,0E0,0E0,0E0],"parents":[2147483647,0,0,1,1],"right_children":[2,4,-1,-1,-1],"split_conditions":[7.151E-1,9.006E-1,2.617407E-1,1.6957572E-1,-6.557509E-2],"split_indices":[1,6,0,0,0],"split_type":[0,0,0,0,0],"sum_hessian":[2.366995E1,2.2349827E1,1.3201238E0,2.8760705E0,1.9473757E1],"tree_param":{"num_deleted":"0","num_feature":"14","num_nodes":"5","size_leaf_vector":"1"}},{"base_weights":[6.0467515E-3,9.456975E-2,-2.2332105E-1,-8.858991E-2,1.0558731E-1],"categories":[],"categories_nodes":[],"categories_segments":[],"categories_sizes":[],"default_left":[1,0,0,0,0],"id":6,"left_children":[1,3,-1,-1,-1],"loss_changes":[1.6900127E0,2.3813097E0,0E0,0E0,0E0],"parents":[2147483647,0,0,1,1],"right_children":[2,4,-1,-1,-1],"split_conditions":[3.342E-1,2.492E-1,-2.2332105E-1,-8.858991E-2,1.0558731E-1],"split_indices":[9,3,0,0,0],"split_type":[0,0,0,0,0],"sum_hessian":[2.338E1,2.169486E1,1.6851397E0,8.56859E0,1.3126269E1],"tree_param":{"num_deleted":"0","num_feature":"14","num_nodes":"5","size_leaf_vector":"1"}},{"base_weights":[-6.759572E-3,2.0096318E-1,-9.554107E-2,-1.8345512E-1,4.828415E-2],"categories":[],"categories_nodes":[],"categories_segments":[],"categories_sizes":[],"default_left":[0,0,0,0,0],"id":7,"left_children":[1,-1,3,-1,-1],"loss_changes":[1.52584E0,0E0,3.0611646E0,0E0,0E0],"parents":[2147483647,0,0,2,2],"right_children":[2,-1,4,-1,-1],"split_conditions":[1.594E-1,2.0096318E-1,-6.2603713E-3,-1.8345512E-1,4.828415E-2],"split_indices":[9,0,4,0,0],"split_type":[0,0,0,0,0],"sum_hessian":[2.3334452E1,1.9473951E0,2.1387056E1,6.641731E0,1.4745325E1],"tree_param":{"num_deleted":"0","num_feature":"14","num_nodes":"5","size_leaf_vector":"1"}},{"base_weights":[-4.117308E-3,-1.8534443E-1,8.442252E-2,-2.164387E-1,5.0334577E-2],"categories":[],"categories_nodes":[],"categories_segments":[],"categories_sizes":[],"default_left":[0,0,0,0,0],"id":8,"left_children":[1,-1,3,-1,-1],"loss_changes":[1.3587804E0,0E0,1.5918922E0,0E0,0E0],"parents":[2147483647,0,0,2,2],"right_children":[2,-1,4,-1,-1],"split_conditions":[4.985E-1,-1.8534443E-1,1.642E-1,-2.164387E-1,5.0334577E-2],"split_indices":[8,0,2,0,0],"split_type":[0,0,0,0,0],"sum_hessian":[2.30468E1,2.1521003E0,2.0894701E1,1.241129E0,1.9653572E1],"tree_param":{"num_deleted":"0","num_feature":"14","num_nodes":"5","size_leaf_vector":"1"}},{"base_weights":[-1.9261507E-2,4.7714952E-2,-2.1658385E-1,-2.8415853E-2,1.7480846E-1],"categories":[],"categories_nodes":[],"categories_segments":[],"categories_sizes":[],"default_left":[1,1,0,0,0],"id":9,"left_children":[1,3,-1,-1,-1],"loss_changes":[1.163133E0,1.7950819E0,0E0,0E0,0E0],"parents":[2147483647,0,0,1,1],"right_children":[2,4,-1,-1,-1],"split_conditions":[8.721875E-1,2.492E-1,-2.1658385E-1,-2.8415853E-2,1.7480846E-1],"split_indices":[0,2,0,0,0],"split_type":[0,0,0,0,0],"sum_hessian":[2.2982271E1,2.183332E1,1.1489493E0,1.7892517E1,3.9408038E0],"tree_param":{"num_deleted":"0","num_feature":"14","num_nodes":"5","size_leaf_vector":"1"}}]},"name":"gbtree"},"learner_model_param":{"base_score":"3.236951E-1","boost_from_average":"1","num_class":"0","num_feature":"14","num_target":"1"},"objective":{"name":"binary:logistic","reg_loss_param":{"scale_pos_weight":"1"}}},"version":[2,0,3]}